<?xml version="1.0" encoding="UTF-8"?><rss version="2.0"
	xmlns:content="http://purl.org/rss/1.0/modules/content/"
	xmlns:wfw="http://wellformedweb.org/CommentAPI/"
	xmlns:dc="http://purl.org/dc/elements/1.1/"
	xmlns:atom="http://www.w3.org/2005/Atom"
	xmlns:sy="http://purl.org/rss/1.0/modules/syndication/"
	xmlns:slash="http://purl.org/rss/1.0/modules/slash/"
	>

<channel>
	<title>Senza categoria &#8211; primaesercitazione</title>
	<atom:link href="http://localhost/primaesercitazione/category/senza-categoria/feed/?simply_static_page=211" rel="self" type="application/rss+xml" />
	<link>./../../../index.html</link>
	<description></description>
	<lastBuildDate>Tue, 28 Feb 2023 14:24:19 +0000</lastBuildDate>
	<language>it-IT</language>
	<sy:updatePeriod>
	hourly	</sy:updatePeriod>
	<sy:updateFrequency>
	1	</sy:updateFrequency>
	<generator>https://wordpress.org/?v=6.1.1</generator>
	<item>
		<title>Ciao mondo!</title>
		<link>./../../../2023/02/28/ciao-mondo/index.html</link>
					<comments>./../../../2023/02/28/ciao-mondo/index.html#comments</comments>
		
		<dc:creator><![CDATA[cosimo23]]></dc:creator>
		<pubDate>Tue, 28 Feb 2023 14:06:49 +0000</pubDate>
				<category><![CDATA[Senza categoria]]></category>
		<guid isPermaLink="false">./../../../index.html?p=1</guid>

					<description><![CDATA[Ti diamo il benvenuto in WordPress. Questo è il tuo primo articolo. Modificalo o eliminalo e quindi inizia a scrivere!]]></description>
										<content:encoded><![CDATA[
<p>Ti diamo il benvenuto in WordPress. Questo è il tuo primo articolo. Modificalo o eliminalo e quindi inizia a scrivere!</p>



<div class="wp-block-uagb-container uagb-block-c29d0d4e alignfull uagb-is-root-container"><div class="uagb-container-inner-blocks-wrap">
<div class="wp-block-uagb-call-to-action uagb-block-453e938c wp-block-button"><div class="uagb-cta__wrap"><h1 class="uagb-cta__title">Home</h1><p class="uagb-cta__desc">Questa è la mia prima esercitazione</p></div><div class="uagb-cta__buttons"><a href="#" class="uagb-cta__button-link-wrapper wp-block-button__link" target="_self" rel="noopener noreferrer"><svg xmlns="https://www.w3.org/2000/svg" viewBox="0 0 448 512"><path d="M160 32V64H288V32C288 14.33 302.3 0 320 0C337.7 0 352 14.33 352 32V64H400C426.5 64 448 85.49 448 112V160H0V112C0 85.49 21.49 64 48 64H96V32C96 14.33 110.3 0 128 0C145.7 0 160 14.33 160 32zM0 192H448V464C448 490.5 426.5 512 400 512H48C21.49 512 0 490.5 0 464V192zM328.1 304.1C338.3 295.6 338.3 280.4 328.1 271C319.6 261.7 304.4 261.7 295 271L200 366.1L152.1 319C143.6 309.7 128.4 309.7 119 319C109.7 328.4 109.7 343.6 119 352.1L183 416.1C192.4 426.3 207.6 426.3 216.1 416.1L328.1 304.1z"></path></svg>Book an appointment</a></div></div>
</div><div class="uagb-container__shape uagb-container__shape-bottom uagb-container__shape-above-content uagb-container__invert" data-negative="false"><svg xmlns="https://www.w3.org/2000/svg" viewBox="0 0 937.5 120" preserveAspectRatio="none"><path class="uagb-container__shape-fill" d="M937,129.8V-0.1H0v129.9C0,62.6,209.6,8.2,468.4,8.2S936.9,62.6,937,129.8z"></path></svg></div></div>



<div id="about" class="wp-block-uagb-container uagb-block-35f8ae04 alignfull uagb-is-root-container"><div class="uagb-container-inner-blocks-wrap">
<div class="wp-block-uagb-container uagb-block-3359f84f">
<div class="wp-block-uagb-advanced-heading uagb-block-76bf4376"><h2 class="uagb-heading-text">Welcome to Dental Clinic</h2><p class="uagb-desc-text">A descriptive paragraph that tells clients how good you are and proves that you are the best choice that they’ve made. This paragraph is also for those who are looking out for a reliable dental clinic.</p></div>



<div class="wp-block-uagb-info-box uagb-block-b81a7122 uagb-infobox__content-wrap  uagb-infobox-icon-left uagb-infobox-left uagb-infobox-stacked-mobile uagb-infobox-image-valign-top"><div class="uagb-ifb-icon-wrap"><div class="uagb-iconbox-icon-wrap uagb-infobox-shape-circle"><svg xmlns="https://www.w3.org/2000/svg" viewBox="0 0 576 512"><path d="M511.8 287.6L512.5 447.7C512.6 483.2 483.9 512 448.5 512H128.1C92.75 512 64.09 483.3 64.09 448V287.6H32.05C14.02 287.6 0 273.5 0 255.5C0 246.5 3.004 238.5 10.01 231.5L266.4 8.016C273.4 1.002 281.4 0 288.4 0C295.4 0 303.4 2.004 309.5 7.014L416 100.7V64C416 46.33 430.3 32 448 32H480C497.7 32 512 46.33 512 64V185L564.8 231.5C572.8 238.5 576.9 246.5 575.8 255.5C575.8 273.5 560.8 287.6 543.8 287.6L511.8 287.6zM400 248C400 239.2 392.8 232 384 232H328V176C328 167.2 320.8 160 312 160H264C255.2 160 248 167.2 248 176V232H192C183.2 232 176 239.2 176 248V296C176 304.8 183.2 312 192 312H248V368C248 376.8 255.2 384 264 384H312C320.8 384 328 376.8 328 368V312H384C392.8 312 400 304.8 400 296V248z"></path></svg></div></div><div class="uagb-ifb-content"><div class="uagb-ifb-title-wrap"><h5 class="uagb-ifb-title">Friendly Clinic Near You</h5></div><p class="uagb-ifb-desc">This is a short description elaborating the service you have mentioned above.</p></div></div>



<div class="wp-block-uagb-info-box uagb-block-872b060e uagb-infobox__content-wrap  uagb-infobox-icon-left uagb-infobox-left uagb-infobox-stacked-mobile uagb-infobox-image-valign-top"><div class="uagb-ifb-icon-wrap"><div class="uagb-iconbox-icon-wrap uagb-infobox-shape-circle"><svg xmlns="https://www.w3.org/2000/svg" viewBox="0 0 576 512"><path d="M272 0C298.5 0 320 21.49 320 48V367.8C281.8 389.2 256 430 256 476.9C256 489.8 259.6 501.8 265.9 512H48C21.49 512 0 490.5 0 464V384H144C152.8 384 160 376.8 160 368C160 359.2 152.8 352 144 352H0V288H144C152.8 288 160 280.8 160 272C160 263.2 152.8 256 144 256H0V48C0 21.49 21.49 0 48 0H272zM152 64C143.2 64 136 71.16 136 80V104H112C103.2 104 96 111.2 96 120V136C96 144.8 103.2 152 112 152H136V176C136 184.8 143.2 192 152 192H168C176.8 192 184 184.8 184 176V152H208C216.8 152 224 144.8 224 136V120C224 111.2 216.8 104 208 104H184V80C184 71.16 176.8 64 168 64H152zM512 272C512 316.2 476.2 352 432 352C387.8 352 352 316.2 352 272C352 227.8 387.8 192 432 192C476.2 192 512 227.8 512 272zM288 477.1C288 425.7 329.7 384 381.1 384H482.9C534.3 384 576 425.7 576 477.1C576 496.4 560.4 512 541.1 512H322.9C303.6 512 288 496.4 288 477.1V477.1z"></path></svg></div></div><div class="uagb-ifb-content"><div class="uagb-ifb-title-wrap"><h5 class="uagb-ifb-title">Experienced Dentist</h5></div><p class="uagb-ifb-desc">This is a short description elaborating the service you have mentioned above.</p></div></div>



<div class="wp-block-uagb-buttons uagb-buttons__outer-wrap uagb-btn__default-btn uagb-btn-tablet__default-btn uagb-btn-mobile__default-btn uagb-block-cd499282"><div class="uagb-buttons__wrap uagb-buttons-layout-wrap">
<div class="wp-block-uagb-buttons-child uagb-buttons__outer-wrap uagb-block-cd4e4135 wp-block-button is-style-outline"><div class="uagb-button__wrapper"><a class="uagb-buttons-repeater wp-block-button__link has-background has-text-color" href="#" onclick="return false;" rel="follow noopener" target="_self"><span class="uagb-button__icon uagb-button__icon-position-before"><svg xmlns="https://www.w3.org/2000/svg" viewBox="0 0 384 512"><path d="M168.3 499.2C116.1 435 0 279.4 0 192C0 85.96 85.96 0 192 0C298 0 384 85.96 384 192C384 279.4 267 435 215.7 499.2C203.4 514.5 180.6 514.5 168.3 499.2H168.3zM192 256C227.3 256 256 227.3 256 192C256 156.7 227.3 128 192 128C156.7 128 128 156.7 128 192C128 227.3 156.7 256 192 256z"></path></svg></span><div class="uagb-button__link">View on google map</div></a></div></div>
</div></div>
</div>



<div class="wp-block-uagb-container uagb-block-bc8be23c">
<div class="wp-block-uagb-container uagb-block-d1df1163">
<div class="wp-block-uagb-image uagb-block-0fc25c02 wp-block-uagb-image--layout-default wp-block-uagb-image--effect-static wp-block-uagb-image--align-none"><figure class="wp-block-uagb-image__figure"><img decoding="async" srcset="./../../../wp-content/uploads/2023/02/service-3.jpg ,./../../../wp-content/uploads/2023/02/service-3.jpg 780w, ./../../../wp-content/uploads/2023/02/service-3.jpg 360w" src="./../../../wp-content/uploads/2023/02/service-3.jpg" alt="" class="uag-image-17" width="" height="" title="" loading="lazy"/></figure></div>
</div>
</div>
</div></div>



<div class="wp-block-uagb-container uagb-block-2fcdbf4b alignfull uagb-is-root-container"><div class="uagb-container-inner-blocks-wrap">
<div class="wp-block-uagb-container uagb-block-ed5b8e69">
<div class="wp-block-uagb-advanced-heading uagb-block-2b9027ce"><h2 class="uagb-heading-text">New Patient</h2><p class="uagb-desc-text">A descriptive paragraph that tells clients how good you are and proves that you are the best choice that they’ve made. This paragraph is also for those who are looking out for a reliable dental clinic.</p></div>



<div class="wp-block-uagb-info-box uagb-block-ac8e8fc0 uagb-infobox__content-wrap  uagb-infobox-icon-left-title uagb-infobox-left uagb-infobox-image-valign-top"><div class="uagb-ifb-content"><div class="uagb-ifb-left-title-image"><div class="uagb-ifb-icon-wrap"><svg xmlns="https://www.w3.org/2000/svg" viewBox="0 0 512 512"><path d="M18.92 351.2l108.5-46.52c12.78-5.531 27.77-1.801 36.45 8.98l44.09 53.82c69.25-34 125.5-90.31 159.5-159.5l-53.81-44.04c-10.75-8.781-14.41-23.69-8.974-36.47l46.51-108.5c6.094-13.91 21.1-21.52 35.79-18.11l100.8 23.25c14.25 3.25 24.22 15.8 24.22 30.46c0 252.3-205.2 457.5-457.5 457.5c-14.67 0-27.18-9.968-30.45-24.22l-23.25-100.8C-2.571 372.4 5.018 357.2 18.92 351.2z"></path></svg></div><div class="uagb-ifb-title-wrap"><p class="uagb-ifb-title">Need Assistance?</p></div></div></div></div>



<div class="wp-block-uagb-info-box uagb-block-202f6732 uagb-infobox__content-wrap  uagb-infobox-icon-left-title uagb-infobox-left uagb-infobox-image-valign-top"><div class="uagb-ifb-content"><div class="uagb-ifb-left-title-image"><div class="uagb-ifb-title-wrap"><h3 class="uagb-ifb-title">+(888) 695-9859</h3></div></div></div></div>
</div>



<div class="wp-block-uagb-container uagb-block-c31affe5">
<div class="wp-block-uagb-container uagb-block-48e5e1b9"><div class="wpforms-container wpforms-container-full" id="wpforms-40"><form id="wpforms-form-40" class="wpforms-validate wpforms-form wpforms-ajax-form" data-formid="40" method="post" enctype="multipart/form-data" action="/primaesercitazione/category/senza-categoria/feed/?simply_static_page=211" data-token="e2ed1628629116c9e790f95af8f5c61d"><noscript class="wpforms-error-noscript">Abilita JavaScript nel browser per completare questo modulo.</noscript><div class="wpforms-field-container"><div id="wpforms-40-field_0-container" class="wpforms-field wpforms-field-name" data-field-id="0"><label class="wpforms-field-label wpforms-label-hide" for="wpforms-40-field_0">Name <span class="wpforms-required-label">*</span></label><input type="text" id="wpforms-40-field_0" class="wpforms-field-large wpforms-field-required" name="wpforms[fields][0]" placeholder="Your Name" required></div><div id="wpforms-40-field_1-container" class="wpforms-field wpforms-field-email" data-field-id="1"><label class="wpforms-field-label wpforms-label-hide" for="wpforms-40-field_1">Email <span class="wpforms-required-label">*</span></label><input type="email" id="wpforms-40-field_1" class="wpforms-field-large wpforms-field-required" name="wpforms[fields][1]" placeholder="Your Email" required></div><div id="wpforms-40-field_3-container" class="wpforms-field wpforms-field-number" data-field-id="3"><label class="wpforms-field-label wpforms-label-hide" for="wpforms-40-field_3">Numbers <span class="wpforms-required-label">*</span></label><input type="number" pattern="\d*" id="wpforms-40-field_3" class="wpforms-field-large wpforms-field-required" name="wpforms[fields][3]" placeholder="Your Phone Number" required></div></div><div class="wpforms-submit-container"><input type="hidden" name="wpforms[id]" value="40"><input type="hidden" name="wpforms[author]" value="1"><button type="submit" name="wpforms[submit]" id="wpforms-submit-40" class="wpforms-submit" data-alt-text="Sending..." data-submit-text="Send Request" aria-live="assertive" value="wpforms-submit">Send Request</button><img src="./../../../wp-content/plugins/wpforms-lite/assets/images/submit-spin.svg" class="wpforms-submit-spinner" style="display: none;" width="26" height="26" alt="Caricamento"></div></form></div>  <!-- .wpforms-container --></div>
</div>
</div></div>



<div class="wp-block-uagb-container uagb-block-52bb86e4 alignfull uagb-is-root-container"><div class="uagb-container-inner-blocks-wrap">
<div class="wp-block-uagb-container uagb-block-2a626aaa">
<div class="wp-block-uagb-container uagb-block-fbbe91fe">
<div class="wp-block-uagb-container uagb-block-2a14d856">
<div class="wp-block-uagb-image uagb-block-c63366ba wp-block-uagb-image--layout-default wp-block-uagb-image--effect-static wp-block-uagb-image--align-none"><figure class="wp-block-uagb-image__figure"><img decoding="async" srcset="./../../../wp-content/uploads/2023/02/about-section-2.jpg " src="./../../../wp-content/uploads/2023/02/about-section-2.jpg" alt="" class="uag-image-8" width="640" height="960" title="" loading="lazy"/></figure></div>
</div>
</div>
</div>



<div class="wp-block-uagb-container uagb-block-c9495880">
<div class="wp-block-uagb-advanced-heading uagb-block-bcc3f924"><h2 class="uagb-heading-text">Committed To Dental Excellence</h2><p class="uagb-desc-text">We Create Beautiful and Brighter Smiles</p></div>



<div class="wp-block-uagb-advanced-heading uagb-block-2bf99249"><p class="uagb-desc-text">Urna habitasse imperdiet! Aut, deleniti nisl, varius? Nunc, iure iure nunc sit mi ducimus atque nostrum iure ducimus quae dolore. Massa sapien at do ipsum nostra adipisicing.</p></div>



<div class="wp-block-uagb-advanced-heading uagb-block-53943a60"><p class="uagb-desc-text">rutrum fugiat doloribus, dolor, ipsa commodi doloremque do senectus neque molestiae dis nisi euismod, diam illo incididunt dignissim expedita.</p></div>



<div class="wp-block-uagb-advanced-heading uagb-block-bdb67b16"><h5 class="uagb-heading-text">Dr. Michael Martinez</h5><p class="uagb-desc-text">Master of Dentistry</p></div>
</div>
</div></div>



<div id="services" class="wp-block-uagb-container uagb-block-002164ad alignfull uagb-is-root-container"><div class="uagb-container-inner-blocks-wrap">
<div class="wp-block-uagb-container uagb-block-55ccae4b">
<div class="wp-block-uagb-advanced-heading uagb-block-4c61fdf0"><h2 class="uagb-heading-text">Complete Care on Your Schedule</h2><p class="uagb-desc-text">Bringing Life to Your Smile</p></div>
</div>



<div class="wp-block-uagb-container uagb-block-38afd771">
<div class="wp-block-uagb-container uagb-block-d0c62149">
<div class="wp-block-uagb-container uagb-block-c2ea217f">
<div class="wp-block-uagb-info-box uagb-block-0151d5fc uagb-infobox__content-wrap  uagb-infobox-icon-above-title uagb-infobox-image-valign-top"><div class="uagb-ifb-content"><div class="uagb-ifb-icon-wrap"><div class="uagb-iconbox-icon-wrap uagb-infobox-shape-circle"><svg xmlns="https://www.w3.org/2000/svg" viewBox="0 0 384 512"><path d="M336 0h-288C21.49 0 0 21.49 0 48v416C0 490.5 21.49 512 48 512h288c26.51 0 48-21.49 48-48v-416C384 21.49 362.5 0 336 0zM192 160c35.35 0 64 28.65 64 64s-28.65 64-64 64S128 259.3 128 224S156.7 160 192 160zM288 416H96c-8.836 0-16-7.164-16-16C80 355.8 115.8 320 160 320h64c44.18 0 80 35.82 80 80C304 408.8 296.8 416 288 416zM240 96h-96C135.2 96 128 88.84 128 80S135.2 64 144 64h96C248.8 64 256 71.16 256 80S248.8 96 240 96z"></path></svg></div></div><div class="uagb-ifb-title-wrap"><h5 class="uagb-ifb-title">Experienced Dentist​</h5></div><p class="uagb-ifb-desc">This is a short description elaborating the service you have mentioned above.​​</p></div></div>
</div>
</div>



<div class="wp-block-uagb-container uagb-block-343f8975">
<div class="wp-block-uagb-container uagb-block-90ba5f6f">
<div class="wp-block-uagb-info-box uagb-block-755be381 uagb-infobox__content-wrap  uagb-infobox-icon-above-title uagb-infobox-image-valign-top"><div class="uagb-ifb-content"><div class="uagb-ifb-icon-wrap"><div class="uagb-iconbox-icon-wrap uagb-infobox-shape-circle"><svg xmlns="https://www.w3.org/2000/svg" viewBox="0 0 512 512"><path d="M0 256C0 114.6 114.6 0 256 0C397.4 0 512 114.6 512 256C512 397.4 397.4 512 256 512C114.6 512 0 397.4 0 256zM399.3 360H344V400H352C375.8 400 395.5 382.7 399.3 360zM352 304H344V344H399.3C395.5 321.3 375.8 304 352 304zM328 344V304H264V344H328zM328 400V360H264V400H328zM184 304V344H248V304H184zM184 360V400H248V360H184zM168 344V304H160C136.2 304 116.5 321.3 112.7 344H168zM168 400V360H112.7C116.5 382.7 136.2 400 160 400H168zM176.4 176C158.7 176 144.4 190.3 144.4 208C144.4 225.7 158.7 240 176.4 240C194 240 208.4 225.7 208.4 208C208.4 190.3 194 176 176.4 176zM336.4 240C354 240 368.4 225.7 368.4 208C368.4 190.3 354 176 336.4 176C318.7 176 304.4 190.3 304.4 208C304.4 225.7 318.7 240 336.4 240z"></path></svg></div></div><div class="uagb-ifb-title-wrap"><h5 class="uagb-ifb-title">Advance Treatment​</h5></div><p class="uagb-ifb-desc">This is a short description elaborating the service you have mentioned above.​​</p></div></div>
</div>
</div>



<div class="wp-block-uagb-container uagb-block-114c03c4">
<div class="wp-block-uagb-container uagb-block-5ff09239">
<div class="wp-block-uagb-info-box uagb-block-394d1fca uagb-infobox__content-wrap  uagb-infobox-icon-above-title uagb-infobox-image-valign-top"><div class="uagb-ifb-content"><div class="uagb-ifb-icon-wrap"><div class="uagb-iconbox-icon-wrap uagb-infobox-shape-circle"><svg xmlns="https://www.w3.org/2000/svg" viewBox="0 0 640 512"><path d="M334.6 217.4l-30 27.49C264 282.1 217.8 256.8 202.9 240.6C176 211.2 178.1 165.7 207.3 138.9L289.1 64H282.5C224.7 64 169.1 86.95 128.2 127.8L32 128.1c-17.6 0-32 14.39-32 31.98v159.8c0 17.59 14.4 32.04 31.1 32.04l114.3-.0604l90.5 81.82c27.5 22.37 67.75 18.11 90-9.255l18.12 15.25c15.88 12.1 39.38 10.5 52.38-5.369l31.38-38.6l5.374 4.498c13.75 11 33.88 9.002 45-4.748l9.576-11.83c11.08-13.7 8.979-33.75-4.701-44.86L334.6 217.4zM608 128.1l-96-.1257c-40.98-40.96-96.56-63.88-154.5-63.88L348.9 64c-8 0-15.62 3.197-21.62 8.568L229 162.3C228.9 162.5 228.8 162.7 228.8 162.7C212 178.5 212.4 203.3 226.6 218.7c9.625 10.5 35 21.62 56.13 2.75c0-.125 .25-.125 .375-.25l80-73.1c6.5-5.871 16.62-5.496 22.62 1s5.5 16.62-1 22.62l-26.12 23.87l145.6 118.1c12.12 9.992 19.5 23.49 22.12 37.98L608 351.7c17.6 0 32-14.38 32-31.98V160.1C640 142.4 625.7 128.1 608 128.1z"></path></svg></div></div><div class="uagb-ifb-title-wrap"><h5 class="uagb-ifb-title">Guaranteed Results​</h5></div><p class="uagb-ifb-desc">This is a short description elaborating the service you have mentioned above.​​</p></div></div>
</div>
</div>



<div class="wp-block-uagb-container uagb-block-15e4c38f">
<div class="wp-block-uagb-container uagb-block-1873a8bf">
<div class="wp-block-uagb-info-box uagb-block-49204d8e uagb-infobox__content-wrap  uagb-infobox-icon-above-title uagb-infobox-image-valign-top"><div class="uagb-ifb-content"><div class="uagb-ifb-icon-wrap"><div class="uagb-iconbox-icon-wrap uagb-infobox-shape-circle"><svg xmlns="https://www.w3.org/2000/svg" viewBox="0 0 640 512"><path d="M192 48C192 21.49 213.5 0 240 0H400C426.5 0 448 21.49 448 48V512H368V432C368 405.5 346.5 384 320 384C293.5 384 272 405.5 272 432V512H192V48zM312 64C303.2 64 296 71.16 296 80V104H272C263.2 104 256 111.2 256 120V136C256 144.8 263.2 152 272 152H296V176C296 184.8 303.2 192 312 192H328C336.8 192 344 184.8 344 176V152H368C376.8 152 384 144.8 384 136V120C384 111.2 376.8 104 368 104H344V80C344 71.16 336.8 64 328 64H312zM160 96V512H48C21.49 512 0 490.5 0 464V320H80C88.84 320 96 312.8 96 304C96 295.2 88.84 288 80 288H0V224H80C88.84 224 96 216.8 96 208C96 199.2 88.84 192 80 192H0V144C0 117.5 21.49 96 48 96H160zM592 96C618.5 96 640 117.5 640 144V192H560C551.2 192 544 199.2 544 208C544 216.8 551.2 224 560 224H640V288H560C551.2 288 544 295.2 544 304C544 312.8 551.2 320 560 320H640V464C640 490.5 618.5 512 592 512H480V96H592z"></path></svg></div></div><div class="uagb-ifb-title-wrap"><h5 class="uagb-ifb-title">Modern Equipment</h5></div><p class="uagb-ifb-desc">This is a short description elaborating the service you have mentioned above.​​</p></div></div>
</div>
</div>
</div>
</div></div>



<div class="wp-block-uagb-container uagb-block-90707114 alignfull uagb-is-root-container"><div class="uagb-container-inner-blocks-wrap">
<div class="wp-block-uagb-container uagb-block-03a77289">
<div class="wp-block-uagb-advanced-heading uagb-block-71305f71"><h2 class="uagb-heading-text">Dentistry for Today’s Lifestyle</h2><p class="uagb-desc-text">We Have All Your Dental Needs Covered</p></div>
</div>



<div class="wp-block-uagb-container uagb-block-e5809e8a">
<div class="wp-block-uagb-advanced-heading uagb-block-b2f0adff"><h6 class="uagb-heading-text">01.</h6></div>



<div class="wp-block-uagb-advanced-heading uagb-block-99e635b9"><h5 class="uagb-heading-text">Dental X-Rays​</h5><p class="uagb-desc-text">This is a short description elaborating the service you have mentioned above.​</p></div>
</div>



<div class="wp-block-uagb-container uagb-block-a220e557">
<div class="wp-block-uagb-advanced-heading uagb-block-4cdacdd7"><h6 class="uagb-heading-text">02.</h6></div>



<div class="wp-block-uagb-advanced-heading uagb-block-91e448d1"><h5 class="uagb-heading-text">Exams &amp; Cleanings</h5><p class="uagb-desc-text">This is a short description elaborating the service you have mentioned above.​</p></div>
</div>
</div></div>



<div class="wp-block-uagb-container uagb-block-e44e3c9c alignfull uagb-is-root-container"><div class="uagb-container-inner-blocks-wrap">
<div class="wp-block-uagb-container uagb-block-50bbf9e4">
<div class="wp-block-uagb-advanced-heading uagb-block-9ee4ddae"><h6 class="uagb-heading-text">03.</h6></div>



<div class="wp-block-uagb-advanced-heading uagb-block-20ef9a22"><h5 class="uagb-heading-text">Cosmetic Dentistry</h5><p class="uagb-desc-text">This is a short description elaborating the service you have mentioned above.​</p></div>
</div>



<div class="wp-block-uagb-container uagb-block-61faa244">
<div class="wp-block-uagb-advanced-heading uagb-block-68be8828"><h6 class="uagb-heading-text">04.</h6></div>



<div class="wp-block-uagb-advanced-heading uagb-block-21e8e17f"><h5 class="uagb-heading-text">Periodontal Disease​</h5><p class="uagb-desc-text">This is a short description elaborating the service you have mentioned above.​</p></div>
</div>



<div class="wp-block-uagb-container uagb-block-38e18a53">
<div class="wp-block-uagb-advanced-heading uagb-block-27e5450a"><h6 class="uagb-heading-text">05.</h6></div>



<div class="wp-block-uagb-advanced-heading uagb-block-b4023cc1"><h5 class="uagb-heading-text">Root Canals​</h5><p class="uagb-desc-text">This is a short description elaborating the service you have mentioned above.​</p></div>
</div>



<div class="wp-block-uagb-container uagb-block-6a877e43">
<div class="wp-block-uagb-advanced-heading uagb-block-d8c61845"><h6 class="uagb-heading-text">06.</h6></div>



<div class="wp-block-uagb-advanced-heading uagb-block-306972a0"><h5 class="uagb-heading-text">Extractions</h5><p class="uagb-desc-text">This is a short description elaborating the service you have mentioned above.​</p></div>
</div>
</div></div>



<div class="wp-block-uagb-container uagb-block-c3d420e6 alignfull uagb-is-root-container"><div class="uagb-container-inner-blocks-wrap">
<div class="wp-block-uagb-container uagb-block-dd0a40c8">
<div class="wp-block-uagb-advanced-heading uagb-block-7ac9ed9e"><h6 class="uagb-heading-text">07.</h6></div>



<div class="wp-block-uagb-advanced-heading uagb-block-c541c87b"><h5 class="uagb-heading-text">Teeth Whitening​</h5><p class="uagb-desc-text">This is a short description elaborating the service you have mentioned above.​</p></div>
</div>



<div class="wp-block-uagb-container uagb-block-faaa70c9">
<div class="wp-block-uagb-advanced-heading uagb-block-7b875eaa"><h6 class="uagb-heading-text">08.</h6></div>



<div class="wp-block-uagb-advanced-heading uagb-block-aea96b3a"><h5 class="uagb-heading-text">Braces &amp; Implants</h5><p class="uagb-desc-text">This is a short description elaborating the service you have mentioned above.​</p></div>
</div>



<div class="wp-block-uagb-container uagb-block-05571af9">
<div class="wp-block-uagb-info-box uagb-block-008ddfbd uagb-infobox__content-wrap  uagb-infobox-icon-left-title uagb-infobox-left uagb-infobox-image-valign-top"><div class="uagb-ifb-content"><div class="uagb-ifb-left-title-image"><div class="uagb-ifb-icon-wrap"><svg xmlns="https://www.w3.org/2000/svg" viewBox="0 0 512 512"><path d="M18.92 351.2l108.5-46.52c12.78-5.531 27.77-1.801 36.45 8.98l44.09 53.82c69.25-34 125.5-90.31 159.5-159.5l-53.81-44.04c-10.75-8.781-14.41-23.69-8.974-36.47l46.51-108.5c6.094-13.91 21.1-21.52 35.79-18.11l100.8 23.25c14.25 3.25 24.22 15.8 24.22 30.46c0 252.3-205.2 457.5-457.5 457.5c-14.67 0-27.18-9.968-30.45-24.22l-23.25-100.8C-2.571 372.4 5.018 357.2 18.92 351.2z"></path></svg></div><div class="uagb-ifb-title-wrap"><h6 class="uagb-ifb-title">FOR INSURANCE</h6></div></div></div></div>



<div class="wp-block-uagb-info-box uagb-block-eab04eec uagb-infobox__content-wrap  uagb-infobox-icon-left-title uagb-infobox-left uagb-infobox-image-valign-top"><div class="uagb-ifb-content"><div class="uagb-ifb-left-title-image"><div class="uagb-ifb-title-wrap"><h3 class="uagb-ifb-title">(007) 567-8976​</h3></div></div></div></div>
</div>
</div></div>



<div class="wp-block-uagb-container uagb-block-a8e6fdae alignfull uagb-is-root-container"><div class="uagb-container-inner-blocks-wrap">
<div class="wp-block-uagb-container uagb-block-a480faec">
<div class="wp-block-uagb-advanced-heading uagb-block-c8901619"><h6 class="uagb-heading-text">We Love to See You Smile</h6></div>



<div class="wp-block-uagb-advanced-heading uagb-block-fba36500"><h2 class="uagb-heading-text">$100 OFF on All Dental Service*</h2></div>



<div class="wp-block-uagb-buttons uagb-buttons__outer-wrap uagb-btn__default-btn uagb-btn-tablet__default-btn uagb-btn-mobile__default-btn uagb-block-6a17afcc"><div class="uagb-buttons__wrap uagb-buttons-layout-wrap">
<div class="wp-block-uagb-buttons-child uagb-buttons__outer-wrap uagb-block-b46150fd wp-block-button is-style-outline"><div class="uagb-button__wrapper"><a class="uagb-buttons-repeater wp-block-button__link has-background has-text-color" href="#" onclick="return false;" rel="follow noopener" target="_self"><span class="uagb-button__icon uagb-button__icon-position-before"><svg xmlns="https://www.w3.org/2000/svg" viewBox="0 0 448 512"><path d="M160 32V64H288V32C288 14.33 302.3 0 320 0C337.7 0 352 14.33 352 32V64H400C426.5 64 448 85.49 448 112V160H0V112C0 85.49 21.49 64 48 64H96V32C96 14.33 110.3 0 128 0C145.7 0 160 14.33 160 32zM0 192H448V464C448 490.5 426.5 512 400 512H48C21.49 512 0 490.5 0 464V192zM328.1 304.1C338.3 295.6 338.3 280.4 328.1 271C319.6 261.7 304.4 261.7 295 271L200 366.1L152.1 319C143.6 309.7 128.4 309.7 119 319C109.7 328.4 109.7 343.6 119 352.1L183 416.1C192.4 426.3 207.6 426.3 216.1 416.1L328.1 304.1z"></path></svg></span><div class="uagb-button__link">Book an appointment now</div></a></div></div>
</div></div>
</div>
</div></div>



<div id="reviews" class="wp-block-uagb-container uagb-block-0636f6ac alignfull uagb-is-root-container"><div class="uagb-container-inner-blocks-wrap">
<div class="wp-block-uagb-container uagb-block-2425ebb3">
<div class="wp-block-uagb-advanced-heading uagb-block-5c929ae9"><h2 class="uagb-heading-text">Happy Stories</h2></div>



<div class="wp-block-uagb-advanced-heading uagb-block-e78c561b"><h6 class="uagb-heading-text">Creating Vibrant Smiles for Healthy Lifestyles!</h6></div>
</div>



<div class="wp-block-uagb-container uagb-block-a97227d9">
<div class="wp-block-uagb-blockquote uagb-block-b56a1204 uagb-blockquote__skin-quotation uagb-blockquote__align-left uagb-blockquote__style-style_2 uagb-blockquote__stack-img-none"><blockquote class="uagb-blockquote"><span class="uagb-blockquote__icon"><svg width="20" height="20" viewBox="0 0 32 32"><path d="M7.031 14c3.866 0 7 3.134 7 7s-3.134 7-7 7-7-3.134-7-7l-0.031-1c0-7.732 6.268-14 14-14v4c-2.671 0-5.182 1.040-7.071 2.929-0.364 0.364-0.695 0.751-0.995 1.157 0.357-0.056 0.724-0.086 1.097-0.086zM25.031 14c3.866 0 7 3.134 7 7s-3.134 7-7 7-7-3.134-7-7l-0.031-1c0-7.732 6.268-14 14-14v4c-2.671 0-5.182 1.040-7.071 2.929-0.364 0.364-0.695 0.751-0.995 1.157 0.358-0.056 0.724-0.086 1.097-0.086z"></path></svg></span><div class="uagb-blockquote__content"><em>Voluptatum aspernatur ullamcorper hymenaeos. Saepe pretium voluptas ut velit augue, eget.Recusandae rerum, mus commodo tempora deserunt, nesciunt congue quod torquent suspendisse mauris.Voluptatem doloribus nihil !</em></div><footer><div class="uagb-blockquote__author-wrap uagb-blockquote__author-at-left"><img decoding="async" class="" src="https://websitedemos.net/dental-08/wp-content/uploads/sites/906/2022/10/testimonial-150x150-1.jpg" alt="" width="40" height="40" loading="lazy"/><cite class="uagb-blockquote__author">Dorothy Palmer</cite></div></footer></blockquote></div>
</div>



<div class="wp-block-uagb-container uagb-block-2975c14f">
<div class="wp-block-uagb-blockquote uagb-block-9fe98afd uagb-blockquote__skin-quotation uagb-blockquote__align-left uagb-blockquote__style-style_2 uagb-blockquote__stack-img-none"><blockquote class="uagb-blockquote"><span class="uagb-blockquote__icon"><svg width="20" height="20" viewBox="0 0 32 32"><path d="M7.031 14c3.866 0 7 3.134 7 7s-3.134 7-7 7-7-3.134-7-7l-0.031-1c0-7.732 6.268-14 14-14v4c-2.671 0-5.182 1.040-7.071 2.929-0.364 0.364-0.695 0.751-0.995 1.157 0.357-0.056 0.724-0.086 1.097-0.086zM25.031 14c3.866 0 7 3.134 7 7s-3.134 7-7 7-7-3.134-7-7l-0.031-1c0-7.732 6.268-14 14-14v4c-2.671 0-5.182 1.040-7.071 2.929-0.364 0.364-0.695 0.751-0.995 1.157 0.358-0.056 0.724-0.086 1.097-0.086z"></path></svg></span><div class="uagb-blockquote__content"><em>Voluptatum aspernatur ullamcorper hymenaeos. Saepe pretium voluptas ut velit augue, eget.Recusandae rerum, mus commodo tempora deserunt, nesciunt congue quod torquent suspendisse mauris.Voluptatem doloribus nihil !</em></div><footer><div class="uagb-blockquote__author-wrap uagb-blockquote__author-at-left"><img decoding="async" class="" src="https://websitedemos.net/dental-08/wp-content/uploads/sites/906/2022/10/testimonial2-150x150-1.jpg" alt="" width="40" height="40" loading="lazy"/><cite class="uagb-blockquote__author">Randy Tran</cite></div></footer></blockquote></div>
</div>



<div class="wp-block-uagb-container uagb-block-ca31d103">
<div class="wp-block-uagb-blockquote uagb-block-1f387f17 uagb-blockquote__skin-quotation uagb-blockquote__align-left uagb-blockquote__style-style_2 uagb-blockquote__stack-img-none"><blockquote class="uagb-blockquote"><span class="uagb-blockquote__icon"><svg width="20" height="20" viewBox="0 0 32 32"><path d="M7.031 14c3.866 0 7 3.134 7 7s-3.134 7-7 7-7-3.134-7-7l-0.031-1c0-7.732 6.268-14 14-14v4c-2.671 0-5.182 1.040-7.071 2.929-0.364 0.364-0.695 0.751-0.995 1.157 0.357-0.056 0.724-0.086 1.097-0.086zM25.031 14c3.866 0 7 3.134 7 7s-3.134 7-7 7-7-3.134-7-7l-0.031-1c0-7.732 6.268-14 14-14v4c-2.671 0-5.182 1.040-7.071 2.929-0.364 0.364-0.695 0.751-0.995 1.157 0.358-0.056 0.724-0.086 1.097-0.086z"></path></svg></span><div class="uagb-blockquote__content"><em>Voluptatum aspernatur ullamcorper hymenaeos. Saepe pretium voluptas ut velit augue, eget.Recusandae rerum, mus commodo tempora deserunt, nesciunt congue quod torquent suspendisse mauris.Voluptatem doloribus nihil !</em></div><footer><div class="uagb-blockquote__author-wrap uagb-blockquote__author-at-left"><img decoding="async" class="" src="https://websitedemos.net/dental-08/wp-content/uploads/sites/906/2022/10/service-4-150x150-1.jpg" alt="" width="40" height="40" loading="lazy"/><cite class="uagb-blockquote__author">Amy Turner</cite></div></footer></blockquote></div>
</div>



<div class="wp-block-uagb-container uagb-block-e932c5f2">
<div class="wp-block-uagb-blockquote uagb-block-0752ba0f uagb-blockquote__skin-quotation uagb-blockquote__align-left uagb-blockquote__style-style_2 uagb-blockquote__stack-img-none"><blockquote class="uagb-blockquote"><span class="uagb-blockquote__icon"><svg width="20" height="20" viewBox="0 0 32 32"><path d="M7.031 14c3.866 0 7 3.134 7 7s-3.134 7-7 7-7-3.134-7-7l-0.031-1c0-7.732 6.268-14 14-14v4c-2.671 0-5.182 1.040-7.071 2.929-0.364 0.364-0.695 0.751-0.995 1.157 0.357-0.056 0.724-0.086 1.097-0.086zM25.031 14c3.866 0 7 3.134 7 7s-3.134 7-7 7-7-3.134-7-7l-0.031-1c0-7.732 6.268-14 14-14v4c-2.671 0-5.182 1.040-7.071 2.929-0.364 0.364-0.695 0.751-0.995 1.157 0.358-0.056 0.724-0.086 1.097-0.086z"></path></svg></span><div class="uagb-blockquote__content"><em>Voluptatum aspernatur ullamcorper hymenaeos. Saepe pretium voluptas ut velit augue, eget.Recusandae rerum, mus commodo tempora deserunt, nesciunt congue quod torquent suspendisse mauris.Voluptatem doloribus nihil !</em></div><footer><div class="uagb-blockquote__author-wrap uagb-blockquote__author-at-left"><img decoding="async" class="" src="https://websitedemos.net/dental-08/wp-content/uploads/sites/906/2022/10/testimonial2-150x150-1.jpg" alt="" width="40" height="40" loading="lazy"/><cite class="uagb-blockquote__author">Endang Everdeen</cite></div></footer></blockquote></div>
</div>



<div class="wp-block-uagb-container uagb-block-8f2f9834">
<div class="wp-block-uagb-blockquote uagb-block-10dff76a uagb-blockquote__skin-quotation uagb-blockquote__align-left uagb-blockquote__style-style_2 uagb-blockquote__stack-img-none"><blockquote class="uagb-blockquote"><span class="uagb-blockquote__icon"><svg width="20" height="20" viewBox="0 0 32 32"><path d="M7.031 14c3.866 0 7 3.134 7 7s-3.134 7-7 7-7-3.134-7-7l-0.031-1c0-7.732 6.268-14 14-14v4c-2.671 0-5.182 1.040-7.071 2.929-0.364 0.364-0.695 0.751-0.995 1.157 0.357-0.056 0.724-0.086 1.097-0.086zM25.031 14c3.866 0 7 3.134 7 7s-3.134 7-7 7-7-3.134-7-7l-0.031-1c0-7.732 6.268-14 14-14v4c-2.671 0-5.182 1.040-7.071 2.929-0.364 0.364-0.695 0.751-0.995 1.157 0.358-0.056 0.724-0.086 1.097-0.086z"></path></svg></span><div class="uagb-blockquote__content"><em>Voluptatum aspernatur ullamcorper hymenaeos. Saepe pretium voluptas ut velit augue, eget.Recusandae rerum, mus commodo tempora deserunt, nesciunt congue quod torquent suspendisse mauris.Voluptatem doloribus nihil !</em></div><footer><div class="uagb-blockquote__author-wrap uagb-blockquote__author-at-left"><img decoding="async" class="" src="https://websitedemos.net/dental-08/wp-content/uploads/sites/906/2022/10/testimonial-150x150-1.jpg" alt="" width="40" height="40" loading="lazy"/><cite class="uagb-blockquote__author">Joe Alan</cite></div></footer></blockquote></div>
</div>
</div></div>



<div id="contact" class="wp-block-uagb-container uagb-block-9b7fc518 alignfull uagb-is-root-container"><div class="uagb-container-inner-blocks-wrap">
<div class="wp-block-uagb-advanced-heading uagb-block-df7f4664"><h2 class="uagb-heading-text">How to Find Us</h2></div>



<div class="wp-block-uagb-advanced-heading uagb-block-7728ead7"><h6 class="uagb-heading-text">Fill up the Form and Ask Your Queries</h6></div>



<div class="wp-block-uagb-buttons uagb-buttons__outer-wrap uagb-btn__default-btn uagb-btn-tablet__default-btn uagb-btn-mobile__default-btn uagb-block-a54dd901"><div class="uagb-buttons__wrap uagb-buttons-layout-wrap">
<div class="wp-block-uagb-buttons-child uagb-buttons__outer-wrap uagb-block-9e635a2e wp-block-button is-style-outline"><div class="uagb-button__wrapper"><a class="uagb-buttons-repeater wp-block-button__link" href="#" onclick="return false;" rel="follow noopener" target="_self"><span class="uagb-button__icon uagb-button__icon-position-before"><svg xmlns="https://www.w3.org/2000/svg" viewBox="0 0 384 512"><path d="M168.3 499.2C116.1 435 0 279.4 0 192C0 85.96 85.96 0 192 0C298 0 384 85.96 384 192C384 279.4 267 435 215.7 499.2C203.4 514.5 180.6 514.5 168.3 499.2H168.3zM192 256C227.3 256 256 227.3 256 192C256 156.7 227.3 128 192 128C156.7 128 128 156.7 128 192C128 227.3 156.7 256 192 256z"></path></svg></span><div class="uagb-button__link">view on google map</div></a></div></div>
</div></div>
</div><div class="uagb-container__shape uagb-container__shape-bottom uagb-container__invert" data-negative="false"><svg xmlns="https://www.w3.org/2000/svg" viewBox="0 0 937.5 120" preserveAspectRatio="none"><path class="uagb-container__shape-fill" d="M937,129.8V-0.1H0v129.9C0,62.6,209.6,8.2,468.4,8.2S936.9,62.6,937,129.8z"></path></svg></div></div>



<div class="wp-block-uagb-container uagb-block-3389af28 alignfull uagb-is-root-container"><div class="uagb-container-inner-blocks-wrap">
<div class="wp-block-uagb-container uagb-block-9246c715">
<div class="wp-block-uagb-container uagb-block-63054cb9">
<div class="wp-block-uagb-info-box uagb-block-683e7b6a uagb-infobox__content-wrap  uagb-infobox-icon-left uagb-infobox-left uagb-infobox-stacked-mobile uagb-infobox-image-valign-top"><div class="uagb-ifb-icon-wrap"><div class="uagb-iconbox-icon-wrap uagb-infobox-shape-circle"><svg xmlns="https://www.w3.org/2000/svg" viewBox="0 0 384 512"><path d="M168.3 499.2C116.1 435 0 279.4 0 192C0 85.96 85.96 0 192 0C298 0 384 85.96 384 192C384 279.4 267 435 215.7 499.2C203.4 514.5 180.6 514.5 168.3 499.2H168.3zM192 256C227.3 256 256 227.3 256 192C256 156.7 227.3 128 192 128C156.7 128 128 156.7 128 192C128 227.3 156.7 256 192 256z"></path></svg></div></div><div class="uagb-ifb-content"><div class="uagb-ifb-title-wrap"><h4 class="uagb-ifb-title">Address</h4></div><p class="uagb-ifb-desc">177 E Houston St<br>New York, NY 10002</p></div></div>
</div>



<div class="wp-block-uagb-container uagb-block-f4227877">
<div class="wp-block-uagb-info-box uagb-block-5e36e598 uagb-infobox__content-wrap  uagb-infobox-icon-left uagb-infobox-left uagb-infobox-stacked-mobile uagb-infobox-image-valign-top"><div class="uagb-ifb-icon-wrap"><div class="uagb-iconbox-icon-wrap uagb-infobox-shape-circle"><svg xmlns="https://www.w3.org/2000/svg" viewBox="0 0 512 512"><path d="M18.92 351.2l108.5-46.52c12.78-5.531 27.77-1.801 36.45 8.98l44.09 53.82c69.25-34 125.5-90.31 159.5-159.5l-53.81-44.04c-10.75-8.781-14.41-23.69-8.974-36.47l46.51-108.5c6.094-13.91 21.1-21.52 35.79-18.11l100.8 23.25c14.25 3.25 24.22 15.8 24.22 30.46c0 252.3-205.2 457.5-457.5 457.5c-14.67 0-27.18-9.968-30.45-24.22l-23.25-100.8C-2.571 372.4 5.018 357.2 18.92 351.2z"></path></svg></div></div><div class="uagb-ifb-content"><div class="uagb-ifb-title-wrap"><h4 class="uagb-ifb-title">Phone</h4></div><p class="uagb-ifb-desc">+(888) 695-9859<br>+(888) 569-9859</p></div></div>
</div>



<div class="wp-block-uagb-container uagb-block-e6ddc5f7">
<div class="wp-block-uagb-info-box uagb-block-3e3bab33 uagb-infobox__content-wrap  uagb-infobox-icon-left uagb-infobox-left uagb-infobox-stacked-mobile uagb-infobox-image-valign-top"><div class="uagb-ifb-icon-wrap"><div class="uagb-iconbox-icon-wrap uagb-infobox-shape-circle"><svg xmlns="https://www.w3.org/2000/svg" viewBox="0 0 512 512"><path d="M464 64C490.5 64 512 85.49 512 112C512 127.1 504.9 141.3 492.8 150.4L275.2 313.6C263.8 322.1 248.2 322.1 236.8 313.6L19.2 150.4C7.113 141.3 0 127.1 0 112C0 85.49 21.49 64 48 64H464zM217.6 339.2C240.4 356.3 271.6 356.3 294.4 339.2L512 176V384C512 419.3 483.3 448 448 448H64C28.65 448 0 419.3 0 384V176L217.6 339.2z"></path></svg></div></div><div class="uagb-ifb-content"><div class="uagb-ifb-title-wrap"><h4 class="uagb-ifb-title">Email</h4></div><p class="uagb-ifb-desc">info@example.com<br>hello@example.com</p></div></div>
</div>
</div>



<div class="wp-block-uagb-container uagb-block-2d665e72">
<div class="wp-block-uagb-container uagb-block-7679eeec">
<div class="wp-block-uagb-advanced-heading uagb-block-70df3107"><h3 class="uagb-heading-text">Book Your Appointment</h3></div>


</div>



<div class="wp-block-uagb-container uagb-block-707b9ece">
<div class="wp-block-uagb-google-map uagb-google-map__wrap uagb-block-57e4a352"><iframe class="uagb-google-map__iframe" title="Google Map for 117 E Houston St" src="https://www.google.com/maps/embed/v1/place?key=AIzaSyAsd_d46higiozY-zNqtr7zdA81Soswje4&amp;q=117%20E%20Houston%20St&amp;zoom=16&amp;language=en" width="640" height="640" loading="lazy"></iframe></div>
</div>
</div>
</div></div>
]]></content:encoded>
					
					<wfw:commentRss>./../../../2023/02/28/ciao-mondo/feed/index.html</wfw:commentRss>
			<slash:comments>1</slash:comments>
		
		
			</item>
	</channel>
</rss>
